image_path,label
C:/Users/HP/Desktop/Dataset\Downdog\00000000.jpg,Downdog
C:/Users/HP/Desktop/Dataset\Downdog\00000001.jpg,Downdog
C:/Users/HP/Desktop/Dataset\Downdog\00000002.jpg,Downdog
C:/Users/HP/Desktop/Dataset\Downdog\00000003.jpg,Downdog
C:/Users/HP/Desktop/Dataset\Downdog\00000004.jpg,Downdog
C:/Users/HP/Desktop/Dataset\Downdog\00000007.jpg,Downdog
C:/Users/HP/Desktop/Dataset\Downdog\00000008.jpg,Downdog
C:/Users/HP/Desktop/Dataset\Downdog\00000009.jpg,Downdog
C:/Users/HP/Desktop/Dataset\Downdog\00000010.jpg,Downdog
C:/Users/HP/Desktop/Dataset\Downdog\00000011.jpg,Downdog
C:/Users/HP/Desktop/Dataset\Downdog\00000012.jpg,Downdog
C:/Users/HP/Desktop/Dataset\Downdog\00000014.jpg,Downdog
C:/Users/HP/Desktop/Dataset\Downdog\00000016.jpg,Downdog
C:/Users/HP/Desktop/Dataset\Downdog\00000017.jpg,Downdog
C:/Users/HP/Desktop/Dataset\Downdog\00000018.jpg,Downdog
C:/Users/HP/Desktop/Dataset\Downdog\00000019.jpg,Downdog
C:/Users/HP/Desktop/Dataset\Downdog\00000020.jpg,Downdog
C:/Users/HP/Desktop/Dataset\Downdog\00000022.jpg,Downdog
C:/Users/HP/Desktop/Dataset\Downdog\00000023.jpg,Downdog
C:/Users/HP/Desktop/Dataset\Downdog\00000024.jpg,Downdog
C:/Users/HP/Desktop/Dataset\Downdog\00000025.jpg,Downdog
C:/Users/HP/Desktop/Dataset\Downdog\00000026.jpg,Downdog
C:/Users/HP/Desktop/Dataset\Downdog\00000027.jpg,Downdog
C:/Users/HP/Desktop/Dataset\Downdog\00000029.jpg,Downdog
C:/Users/HP/Desktop/Dataset\Downdog\00000030.jpg,Downdog
C:/Users/HP/Desktop/Dataset\Downdog\00000031.jpg,Downdog
C:/Users/HP/Desktop/Dataset\Downdog\00000032.jpg,Downdog
C:/Users/HP/Desktop/Dataset\Downdog\00000033.jpg,Downdog
C:/Users/HP/Desktop/Dataset\Downdog\00000037.jpg,Downdog
C:/Users/HP/Desktop/Dataset\Downdog\00000038.jpg,Downdog
C:/Users/HP/Desktop/Dataset\Downdog\00000039.jpg,Downdog
C:/Users/HP/Desktop/Dataset\Downdog\00000041.jpg,Downdog
C:/Users/HP/Desktop/Dataset\Downdog\00000044.jpg,Downdog
C:/Users/HP/Desktop/Dataset\Downdog\00000045.jpg,Downdog
C:/Users/HP/Desktop/Dataset\Downdog\00000046.jpg,Downdog
C:/Users/HP/Desktop/Dataset\Downdog\00000047.jpg,Downdog
C:/Users/HP/Desktop/Dataset\Downdog\00000048.jpg,Downdog
C:/Users/HP/Desktop/Dataset\Downdog\00000049.jpg,Downdog
C:/Users/HP/Desktop/Dataset\Downdog\00000050.jpg,Downdog
C:/Users/HP/Desktop/Dataset\Downdog\00000053.jpg,Downdog
C:/Users/HP/Desktop/Dataset\Downdog\00000055.jpg,Downdog
C:/Users/HP/Desktop/Dataset\Downdog\00000056.jpg,Downdog
C:/Users/HP/Desktop/Dataset\Downdog\00000058.jpg,Downdog
C:/Users/HP/Desktop/Dataset\Downdog\00000059.jpg,Downdog
C:/Users/HP/Desktop/Dataset\Downdog\00000060.jpg,Downdog
C:/Users/HP/Desktop/Dataset\Downdog\00000061.jpg,Downdog
C:/Users/HP/Desktop/Dataset\Downdog\00000062.jpg,Downdog
C:/Users/HP/Desktop/Dataset\Downdog\00000067.jpg,Downdog
C:/Users/HP/Desktop/Dataset\Downdog\00000068.jpg,Downdog
C:/Users/HP/Desktop/Dataset\Downdog\00000074.jpg,Downdog
C:/Users/HP/Desktop/Dataset\Downdog\00000075.jpg,Downdog
C:/Users/HP/Desktop/Dataset\Downdog\00000077.jpg,Downdog
C:/Users/HP/Desktop/Dataset\Downdog\00000083.jpg,Downdog
C:/Users/HP/Desktop/Dataset\Downdog\00000084.jpg,Downdog
C:/Users/HP/Desktop/Dataset\Downdog\00000085.jpg,Downdog
C:/Users/HP/Desktop/Dataset\Downdog\00000088.jpg,Downdog
C:/Users/HP/Desktop/Dataset\Downdog\00000089.jpg,Downdog
C:/Users/HP/Desktop/Dataset\Downdog\00000090.jpg,Downdog
C:/Users/HP/Desktop/Dataset\Downdog\00000092.jpg,Downdog
C:/Users/HP/Desktop/Dataset\Downdog\00000094.jpg,Downdog
C:/Users/HP/Desktop/Dataset\Downdog\00000097.jpg,Downdog
C:/Users/HP/Desktop/Dataset\Downdog\00000098.jpg,Downdog
C:/Users/HP/Desktop/Dataset\Downdog\00000099.jpg,Downdog
C:/Users/HP/Desktop/Dataset\Downdog\00000100.jpg,Downdog
C:/Users/HP/Desktop/Dataset\Downdog\00000101.jpg,Downdog
C:/Users/HP/Desktop/Dataset\Downdog\00000102.jpg,Downdog
C:/Users/HP/Desktop/Dataset\Downdog\00000103.jpg,Downdog
C:/Users/HP/Desktop/Dataset\Downdog\00000105.jpg,Downdog
C:/Users/HP/Desktop/Dataset\Downdog\00000106.jpg,Downdog
C:/Users/HP/Desktop/Dataset\Downdog\00000108.jpg,Downdog
C:/Users/HP/Desktop/Dataset\Downdog\00000109.jpg,Downdog
C:/Users/HP/Desktop/Dataset\Downdog\00000115.jpg,Downdog
C:/Users/HP/Desktop/Dataset\Downdog\00000118.jpg,Downdog
C:/Users/HP/Desktop/Dataset\Downdog\00000124.jpg,Downdog
C:/Users/HP/Desktop/Dataset\Downdog\00000125.jpg,Downdog
C:/Users/HP/Desktop/Dataset\Downdog\00000126.jpg,Downdog
C:/Users/HP/Desktop/Dataset\Downdog\00000127.jpg,Downdog
C:/Users/HP/Desktop/Dataset\Downdog\00000128.jpg,Downdog
C:/Users/HP/Desktop/Dataset\Downdog\00000129.jpg,Downdog
C:/Users/HP/Desktop/Dataset\Downdog\00000130.jpg,Downdog
C:/Users/HP/Desktop/Dataset\Downdog\00000133.jpg,Downdog
C:/Users/HP/Desktop/Dataset\Downdog\00000134.jpg,Downdog
C:/Users/HP/Desktop/Dataset\Downdog\00000137.jpg,Downdog
C:/Users/HP/Desktop/Dataset\Downdog\00000138.jpg,Downdog
C:/Users/HP/Desktop/Dataset\Downdog\00000139.jpg,Downdog
C:/Users/HP/Desktop/Dataset\Downdog\00000140.jpg,Downdog
C:/Users/HP/Desktop/Dataset\Downdog\00000142.jpg,Downdog
C:/Users/HP/Desktop/Dataset\Downdog\00000143.jpg,Downdog
C:/Users/HP/Desktop/Dataset\Downdog\00000144.jpg,Downdog
C:/Users/HP/Desktop/Dataset\Downdog\00000146.jpg,Downdog
C:/Users/HP/Desktop/Dataset\Downdog\00000150.jpg,Downdog
C:/Users/HP/Desktop/Dataset\Downdog\00000151.jpg,Downdog
C:/Users/HP/Desktop/Dataset\Downdog\00000152.jpg,Downdog
C:/Users/HP/Desktop/Dataset\Downdog\00000153.jpg,Downdog
C:/Users/HP/Desktop/Dataset\Downdog\00000154.jpg,Downdog
C:/Users/HP/Desktop/Dataset\Downdog\00000156.jpg,Downdog
C:/Users/HP/Desktop/Dataset\Downdog\00000158.jpg,Downdog
C:/Users/HP/Desktop/Dataset\Downdog\00000159.jpg,Downdog
C:/Users/HP/Desktop/Dataset\Downdog\00000161.jpg,Downdog
C:/Users/HP/Desktop/Dataset\Downdog\00000162.jpg,Downdog
C:/Users/HP/Desktop/Dataset\Downdog\00000163.jpg,Downdog
C:/Users/HP/Desktop/Dataset\Downdog\00000164.jpg,Downdog
C:/Users/HP/Desktop/Dataset\Downdog\00000165.jpg,Downdog
C:/Users/HP/Desktop/Dataset\Downdog\00000166.jpg,Downdog
C:/Users/HP/Desktop/Dataset\Downdog\00000170.jpg,Downdog
C:/Users/HP/Desktop/Dataset\Downdog\00000173.jpg,Downdog
C:/Users/HP/Desktop/Dataset\Downdog\00000175.jpg,Downdog
C:/Users/HP/Desktop/Dataset\Downdog\00000176.jpg,Downdog
C:/Users/HP/Desktop/Dataset\Downdog\00000179.jpg,Downdog
C:/Users/HP/Desktop/Dataset\Downdog\00000180.jpg,Downdog
C:/Users/HP/Desktop/Dataset\Downdog\00000183.jpg,Downdog
C:/Users/HP/Desktop/Dataset\Downdog\00000187.jpg,Downdog
C:/Users/HP/Desktop/Dataset\Downdog\00000197.jpg,Downdog
C:/Users/HP/Desktop/Dataset\Downdog\00000199.jpg,Downdog
C:/Users/HP/Desktop/Dataset\Downdog\00000201.jpg,Downdog
C:/Users/HP/Desktop/Dataset\Downdog\00000204.jpg,Downdog
C:/Users/HP/Desktop/Dataset\Downdog\00000206.jpg,Downdog
C:/Users/HP/Desktop/Dataset\Downdog\00000208.jpg,Downdog
C:/Users/HP/Desktop/Dataset\Downdog\00000210.jpg,Downdog
C:/Users/HP/Desktop/Dataset\Downdog\00000212.jpg,Downdog
C:/Users/HP/Desktop/Dataset\Downdog\00000214.jpg,Downdog
C:/Users/HP/Desktop/Dataset\Downdog\00000225.jpg,Downdog
C:/Users/HP/Desktop/Dataset\Downdog\00000227.jpg,Downdog
C:/Users/HP/Desktop/Dataset\Downdog\00000230.jpg,Downdog
C:/Users/HP/Desktop/Dataset\Downdog\00000241.jpg,Downdog
C:/Users/HP/Desktop/Dataset\Downdog\00000246.jpg,Downdog
C:/Users/HP/Desktop/Dataset\Downdog\00000247.jpg,Downdog
C:/Users/HP/Desktop/Dataset\Downdog\00000248.jpg,Downdog
C:/Users/HP/Desktop/Dataset\Downdog\00000250.jpg,Downdog
C:/Users/HP/Desktop/Dataset\Downdog\00000254.jpg,Downdog
C:/Users/HP/Desktop/Dataset\Downdog\00000258.jpg,Downdog
C:/Users/HP/Desktop/Dataset\Downdog\00000263.jpg,Downdog
C:/Users/HP/Desktop/Dataset\Downdog\00000268.jpg,Downdog
C:/Users/HP/Desktop/Dataset\Downdog\00000278.jpg,Downdog
C:/Users/HP/Desktop/Dataset\Downdog\00000279.jpg,Downdog
C:/Users/HP/Desktop/Dataset\Downdog\00000280.jpg,Downdog
C:/Users/HP/Desktop/Dataset\Downdog\00000284.jpg,Downdog
C:/Users/HP/Desktop/Dataset\Downdog\00000285.jpg,Downdog
C:/Users/HP/Desktop/Dataset\Downdog\00000286.jpg,Downdog
C:/Users/HP/Desktop/Dataset\Downdog\00000287.jpg,Downdog
C:/Users/HP/Desktop/Dataset\Downdog\00000288.jpg,Downdog
C:/Users/HP/Desktop/Dataset\Downdog\00000291.jpg,Downdog
C:/Users/HP/Desktop/Dataset\Downdog\00000295.jpg,Downdog
C:/Users/HP/Desktop/Dataset\Downdog\00000297.jpg,Downdog
C:/Users/HP/Desktop/Dataset\Downdog\00000301.jpg,Downdog
C:/Users/HP/Desktop/Dataset\Downdog\00000303.jpg,Downdog
C:/Users/HP/Desktop/Dataset\Downdog\00000304.jpg,Downdog
C:/Users/HP/Desktop/Dataset\Downdog\00000308.jpg,Downdog
C:/Users/HP/Desktop/Dataset\Downdog\00000310.jpg,Downdog
C:/Users/HP/Desktop/Dataset\Downdog\00000319.jpg,Downdog
C:/Users/HP/Desktop/Dataset\Downdog\00000323.jpg,Downdog
C:/Users/HP/Desktop/Dataset\Downdog\00000324.jpg,Downdog
C:/Users/HP/Desktop/Dataset\Downdog\00000325.jpg,Downdog
C:/Users/HP/Desktop/Dataset\Downdog\00000326.jpg,Downdog
C:/Users/HP/Desktop/Dataset\Downdog\00000328.jpg,Downdog
C:/Users/HP/Desktop/Dataset\Downdog\00000329.jpg,Downdog
C:/Users/HP/Desktop/Dataset\Downdog\00000330.jpg,Downdog
C:/Users/HP/Desktop/Dataset\Downdog\00000332.jpg,Downdog
C:/Users/HP/Desktop/Dataset\Downdog\00000334.jpg,Downdog
C:/Users/HP/Desktop/Dataset\Downdog\00000335.jpg,Downdog
C:/Users/HP/Desktop/Dataset\Downdog\00000342.jpg,Downdog
C:/Users/HP/Desktop/Dataset\Downdog\00000343.jpg,Downdog
C:/Users/HP/Desktop/Dataset\Downdog\00000345.jpg,Downdog
C:/Users/HP/Desktop/Dataset\Downdog\00000346.jpg,Downdog
C:/Users/HP/Desktop/Dataset\Downdog\00000347.jpg,Downdog
C:/Users/HP/Desktop/Dataset\Downdog\00000352.jpg,Downdog
C:/Users/HP/Desktop/Dataset\Downdog\00000356.jpg,Downdog
C:/Users/HP/Desktop/Dataset\Downdog\00000357.jpg,Downdog
C:/Users/HP/Desktop/Dataset\Downdog\00000358.jpg,Downdog
C:/Users/HP/Desktop/Dataset\Downdog\00000360.jpg,Downdog
C:/Users/HP/Desktop/Dataset\Downdog\00000367.jpg,Downdog
C:/Users/HP/Desktop/Dataset\Downdog\00000372.jpg,Downdog
C:/Users/HP/Desktop/Dataset\Downdog\00000376.jpg,Downdog
C:/Users/HP/Desktop/Dataset\Downdog\00000377.jpg,Downdog
C:/Users/HP/Desktop/Dataset\Downdog\00000379.jpg,Downdog
C:/Users/HP/Desktop/Dataset\Downdog\00000391.jpg,Downdog
C:/Users/HP/Desktop/Dataset\Downdog\00000392.jpg,Downdog
C:/Users/HP/Desktop/Dataset\Downdog\00000393.jpg,Downdog
C:/Users/HP/Desktop/Dataset\Downdog\00000394.jpg,Downdog
C:/Users/HP/Desktop/Dataset\Downdog\00000403.jpg,Downdog
C:/Users/HP/Desktop/Dataset\Downdog\00000404.jpg,Downdog
C:/Users/HP/Desktop/Dataset\Downdog\00000406.jpg,Downdog
C:/Users/HP/Desktop/Dataset\Downdog\00000408.jpg,Downdog
C:/Users/HP/Desktop/Dataset\Downdog\00000409.jpg,Downdog
C:/Users/HP/Desktop/Dataset\Downdog\00000412.jpg,Downdog
C:/Users/HP/Desktop/Dataset\Downdog\00000414.jpg,Downdog
C:/Users/HP/Desktop/Dataset\Downdog\00000415.jpg,Downdog
C:/Users/HP/Desktop/Dataset\Downdog\00000416.jpg,Downdog
C:/Users/HP/Desktop/Dataset\Downdog\00000417.jpg,Downdog
C:/Users/HP/Desktop/Dataset\Downdog\00000419.jpg,Downdog
C:/Users/HP/Desktop/Dataset\Downdog\00000420.jpg,Downdog
C:/Users/HP/Desktop/Dataset\Downdog\00000422.jpg,Downdog
C:/Users/HP/Desktop/Dataset\Downdog\00000423.jpg,Downdog
C:/Users/HP/Desktop/Dataset\Downdog\00000426.jpg,Downdog
C:/Users/HP/Desktop/Dataset\Goddess\00000000.jpg,Goddess
C:/Users/HP/Desktop/Dataset\Goddess\00000001.jpg,Goddess
C:/Users/HP/Desktop/Dataset\Goddess\00000002.jpg,Goddess
C:/Users/HP/Desktop/Dataset\Goddess\00000003.jpg,Goddess
C:/Users/HP/Desktop/Dataset\Goddess\00000004.jpg,Goddess
C:/Users/HP/Desktop/Dataset\Goddess\00000005.jpg,Goddess
C:/Users/HP/Desktop/Dataset\Goddess\00000006.jpg,Goddess
C:/Users/HP/Desktop/Dataset\Goddess\00000008.jpg,Goddess
C:/Users/HP/Desktop/Dataset\Goddess\00000009.jpg,Goddess
C:/Users/HP/Desktop/Dataset\Goddess\00000010.jpg,Goddess
C:/Users/HP/Desktop/Dataset\Goddess\00000011.jpg,Goddess
C:/Users/HP/Desktop/Dataset\Goddess\00000013.jpg,Goddess
C:/Users/HP/Desktop/Dataset\Goddess\00000014.jpg,Goddess
C:/Users/HP/Desktop/Dataset\Goddess\00000015.jpg,Goddess
C:/Users/HP/Desktop/Dataset\Goddess\00000016.jpg,Goddess
C:/Users/HP/Desktop/Dataset\Goddess\00000018.jpg,Goddess
C:/Users/HP/Desktop/Dataset\Goddess\00000019.jpg,Goddess
C:/Users/HP/Desktop/Dataset\Goddess\00000020.jpg,Goddess
C:/Users/HP/Desktop/Dataset\Goddess\00000021.jpg,Goddess
C:/Users/HP/Desktop/Dataset\Goddess\00000022.jpg,Goddess
C:/Users/HP/Desktop/Dataset\Goddess\00000023.jpg,Goddess
C:/Users/HP/Desktop/Dataset\Goddess\00000024.jpg,Goddess
C:/Users/HP/Desktop/Dataset\Goddess\00000025.jpg,Goddess
C:/Users/HP/Desktop/Dataset\Goddess\00000027.jpg,Goddess
C:/Users/HP/Desktop/Dataset\Goddess\00000028.jpg,Goddess
C:/Users/HP/Desktop/Dataset\Goddess\00000029.jpg,Goddess
C:/Users/HP/Desktop/Dataset\Goddess\00000030.jpg,Goddess
C:/Users/HP/Desktop/Dataset\Goddess\00000031.jpg,Goddess
C:/Users/HP/Desktop/Dataset\Goddess\00000032.jpg,Goddess
C:/Users/HP/Desktop/Dataset\Goddess\00000034.jpg,Goddess
C:/Users/HP/Desktop/Dataset\Goddess\00000036.jpg,Goddess
C:/Users/HP/Desktop/Dataset\Goddess\00000039.jpg,Goddess
C:/Users/HP/Desktop/Dataset\Goddess\00000040.jpg,Goddess
C:/Users/HP/Desktop/Dataset\Goddess\00000041.jpg,Goddess
C:/Users/HP/Desktop/Dataset\Goddess\00000042.jpg,Goddess
C:/Users/HP/Desktop/Dataset\Goddess\00000045.jpg,Goddess
C:/Users/HP/Desktop/Dataset\Goddess\00000046.jpg,Goddess
C:/Users/HP/Desktop/Dataset\Goddess\00000047.jpg,Goddess
C:/Users/HP/Desktop/Dataset\Goddess\00000049.jpg,Goddess
C:/Users/HP/Desktop/Dataset\Goddess\00000050.jpg,Goddess
C:/Users/HP/Desktop/Dataset\Goddess\00000052.jpg,Goddess
C:/Users/HP/Desktop/Dataset\Goddess\00000053.jpg,Goddess
C:/Users/HP/Desktop/Dataset\Goddess\00000054.jpg,Goddess
C:/Users/HP/Desktop/Dataset\Goddess\00000055.jpg,Goddess
C:/Users/HP/Desktop/Dataset\Goddess\00000056.jpg,Goddess
C:/Users/HP/Desktop/Dataset\Goddess\00000057.jpg,Goddess
C:/Users/HP/Desktop/Dataset\Goddess\00000058.jpg,Goddess
C:/Users/HP/Desktop/Dataset\Goddess\00000059.jpg,Goddess
C:/Users/HP/Desktop/Dataset\Goddess\00000060.jpg,Goddess
C:/Users/HP/Desktop/Dataset\Goddess\00000062.jpg,Goddess
C:/Users/HP/Desktop/Dataset\Goddess\00000067.jpg,Goddess
C:/Users/HP/Desktop/Dataset\Goddess\00000068.jpg,Goddess
C:/Users/HP/Desktop/Dataset\Goddess\00000072.jpg,Goddess
C:/Users/HP/Desktop/Dataset\Goddess\00000073.jpg,Goddess
C:/Users/HP/Desktop/Dataset\Goddess\00000074.jpg,Goddess
C:/Users/HP/Desktop/Dataset\Goddess\00000076.jpg,Goddess
C:/Users/HP/Desktop/Dataset\Goddess\00000077.jpg,Goddess
C:/Users/HP/Desktop/Dataset\Goddess\00000081.jpg,Goddess
C:/Users/HP/Desktop/Dataset\Goddess\00000082.jpg,Goddess
C:/Users/HP/Desktop/Dataset\Goddess\00000083.jpg,Goddess
C:/Users/HP/Desktop/Dataset\Goddess\00000084.jpg,Goddess
C:/Users/HP/Desktop/Dataset\Goddess\00000086.jpg,Goddess
C:/Users/HP/Desktop/Dataset\Goddess\00000087.jpg,Goddess
C:/Users/HP/Desktop/Dataset\Goddess\00000088.jpg,Goddess
C:/Users/HP/Desktop/Dataset\Goddess\00000089.jpg,Goddess
C:/Users/HP/Desktop/Dataset\Goddess\00000090.jpg,Goddess
C:/Users/HP/Desktop/Dataset\Goddess\00000092.jpg,Goddess
C:/Users/HP/Desktop/Dataset\Goddess\00000093.jpg,Goddess
C:/Users/HP/Desktop/Dataset\Goddess\00000095.jpg,Goddess
C:/Users/HP/Desktop/Dataset\Goddess\00000096.jpg,Goddess
C:/Users/HP/Desktop/Dataset\Goddess\00000097.jpg,Goddess
C:/Users/HP/Desktop/Dataset\Goddess\00000101.jpg,Goddess
C:/Users/HP/Desktop/Dataset\Goddess\00000102.jpg,Goddess
C:/Users/HP/Desktop/Dataset\Goddess\00000103.jpg,Goddess
C:/Users/HP/Desktop/Dataset\Goddess\00000104.jpg,Goddess
C:/Users/HP/Desktop/Dataset\Goddess\00000105.jpg,Goddess
C:/Users/HP/Desktop/Dataset\Goddess\00000106.jpg,Goddess
C:/Users/HP/Desktop/Dataset\Goddess\00000107.jpg,Goddess
C:/Users/HP/Desktop/Dataset\Goddess\00000108.jpg,Goddess
C:/Users/HP/Desktop/Dataset\Goddess\00000112.jpg,Goddess
C:/Users/HP/Desktop/Dataset\Goddess\00000114.jpg,Goddess
C:/Users/HP/Desktop/Dataset\Goddess\00000115.jpg,Goddess
C:/Users/HP/Desktop/Dataset\Goddess\00000119.jpg,Goddess
C:/Users/HP/Desktop/Dataset\Goddess\00000120.jpg,Goddess
C:/Users/HP/Desktop/Dataset\Goddess\00000121.jpg,Goddess
C:/Users/HP/Desktop/Dataset\Goddess\00000123.jpg,Goddess
C:/Users/HP/Desktop/Dataset\Goddess\00000124.jpg,Goddess
C:/Users/HP/Desktop/Dataset\Goddess\00000125.jpg,Goddess
C:/Users/HP/Desktop/Dataset\Goddess\00000126.jpg,Goddess
C:/Users/HP/Desktop/Dataset\Goddess\00000127.jpg,Goddess
C:/Users/HP/Desktop/Dataset\Goddess\00000128.jpg,Goddess
C:/Users/HP/Desktop/Dataset\Goddess\00000129.jpg,Goddess
C:/Users/HP/Desktop/Dataset\Goddess\00000130.jpg,Goddess
C:/Users/HP/Desktop/Dataset\Goddess\00000132.jpg,Goddess
C:/Users/HP/Desktop/Dataset\Goddess\00000134.jpg,Goddess
C:/Users/HP/Desktop/Dataset\Goddess\00000135.jpg,Goddess
C:/Users/HP/Desktop/Dataset\Goddess\00000137.jpg,Goddess
C:/Users/HP/Desktop/Dataset\Goddess\00000145.jpg,Goddess
C:/Users/HP/Desktop/Dataset\Goddess\00000149.jpg,Goddess
C:/Users/HP/Desktop/Dataset\Goddess\00000150.jpg,Goddess
C:/Users/HP/Desktop/Dataset\Goddess\00000154.jpg,Goddess
C:/Users/HP/Desktop/Dataset\Goddess\00000155.jpg,Goddess
C:/Users/HP/Desktop/Dataset\Goddess\00000157.jpg,Goddess
C:/Users/HP/Desktop/Dataset\Goddess\00000160.jpg,Goddess
C:/Users/HP/Desktop/Dataset\Goddess\00000163.jpg,Goddess
C:/Users/HP/Desktop/Dataset\Goddess\00000164.jpg,Goddess
C:/Users/HP/Desktop/Dataset\Goddess\00000165.jpg,Goddess
C:/Users/HP/Desktop/Dataset\Goddess\00000169.jpg,Goddess
C:/Users/HP/Desktop/Dataset\Goddess\00000171.jpg,Goddess
C:/Users/HP/Desktop/Dataset\Goddess\00000172.jpg,Goddess
C:/Users/HP/Desktop/Dataset\Goddess\00000177.jpg,Goddess
C:/Users/HP/Desktop/Dataset\Goddess\00000178.jpg,Goddess
C:/Users/HP/Desktop/Dataset\Goddess\00000181.jpg,Goddess
C:/Users/HP/Desktop/Dataset\Goddess\00000182.jpg,Goddess
C:/Users/HP/Desktop/Dataset\Goddess\00000183.jpg,Goddess
C:/Users/HP/Desktop/Dataset\Goddess\00000184.jpg,Goddess
C:/Users/HP/Desktop/Dataset\Goddess\00000188.jpg,Goddess
C:/Users/HP/Desktop/Dataset\Goddess\00000190.jpg,Goddess
C:/Users/HP/Desktop/Dataset\Goddess\00000191.jpg,Goddess
C:/Users/HP/Desktop/Dataset\Goddess\00000193.jpg,Goddess
C:/Users/HP/Desktop/Dataset\Goddess\00000205.jpg,Goddess
C:/Users/HP/Desktop/Dataset\Goddess\00000207.jpg,Goddess
C:/Users/HP/Desktop/Dataset\Goddess\00000209.jpg,Goddess
C:/Users/HP/Desktop/Dataset\Goddess\00000210.jpg,Goddess
C:/Users/HP/Desktop/Dataset\Goddess\00000211.jpg,Goddess
C:/Users/HP/Desktop/Dataset\Goddess\00000212.jpg,Goddess
C:/Users/HP/Desktop/Dataset\Goddess\00000216.jpg,Goddess
C:/Users/HP/Desktop/Dataset\Goddess\00000217.jpg,Goddess
C:/Users/HP/Desktop/Dataset\Goddess\00000219.jpg,Goddess
C:/Users/HP/Desktop/Dataset\Goddess\00000222.jpg,Goddess
C:/Users/HP/Desktop/Dataset\Goddess\00000226.jpg,Goddess
C:/Users/HP/Desktop/Dataset\Goddess\00000228.jpg,Goddess
C:/Users/HP/Desktop/Dataset\Goddess\00000229.jpg,Goddess
C:/Users/HP/Desktop/Dataset\Goddess\00000230.jpg,Goddess
C:/Users/HP/Desktop/Dataset\Goddess\00000231.jpg,Goddess
C:/Users/HP/Desktop/Dataset\Goddess\00000233.jpg,Goddess
C:/Users/HP/Desktop/Dataset\Goddess\00000235.jpg,Goddess
C:/Users/HP/Desktop/Dataset\Goddess\00000242.jpg,Goddess
C:/Users/HP/Desktop/Dataset\Goddess\00000244.jpg,Goddess
C:/Users/HP/Desktop/Dataset\Goddess\00000245.jpg,Goddess
C:/Users/HP/Desktop/Dataset\Goddess\00000247.jpg,Goddess
C:/Users/HP/Desktop/Dataset\Goddess\00000250.jpg,Goddess
C:/Users/HP/Desktop/Dataset\Goddess\00000251.jpg,Goddess
C:/Users/HP/Desktop/Dataset\Goddess\00000255.jpg,Goddess
C:/Users/HP/Desktop/Dataset\Goddess\00000258.jpg,Goddess
C:/Users/HP/Desktop/Dataset\Goddess\00000262.jpg,Goddess
C:/Users/HP/Desktop/Dataset\Goddess\00000265.jpg,Goddess
C:/Users/HP/Desktop/Dataset\Goddess\00000266.jpg,Goddess
C:/Users/HP/Desktop/Dataset\Goddess\00000270.jpg,Goddess
C:/Users/HP/Desktop/Dataset\Goddess\00000271.jpg,Goddess
C:/Users/HP/Desktop/Dataset\Goddess\00000272.jpg,Goddess
C:/Users/HP/Desktop/Dataset\Goddess\00000274.jpg,Goddess
C:/Users/HP/Desktop/Dataset\Goddess\00000276.jpg,Goddess
C:/Users/HP/Desktop/Dataset\Goddess\00000281.jpg,Goddess
C:/Users/HP/Desktop/Dataset\Goddess\00000285.jpg,Goddess
C:/Users/HP/Desktop/Dataset\Goddess\00000286.jpg,Goddess
C:/Users/HP/Desktop/Dataset\Goddess\00000289.jpg,Goddess
C:/Users/HP/Desktop/Dataset\Goddess\00000290.jpg,Goddess
C:/Users/HP/Desktop/Dataset\Goddess\00000291.jpg,Goddess
C:/Users/HP/Desktop/Dataset\Goddess\00000292.jpg,Goddess
C:/Users/HP/Desktop/Dataset\Goddess\00000296.jpg,Goddess
C:/Users/HP/Desktop/Dataset\Goddess\00000298.jpg,Goddess
C:/Users/HP/Desktop/Dataset\Goddess\00000301.jpg,Goddess
C:/Users/HP/Desktop/Dataset\Goddess\00000302.jpg,Goddess
C:/Users/HP/Desktop/Dataset\Goddess\00000303.jpg,Goddess
C:/Users/HP/Desktop/Dataset\Goddess\00000304.jpg,Goddess
C:/Users/HP/Desktop/Dataset\Goddess\00000308.jpg,Goddess
C:/Users/HP/Desktop/Dataset\Goddess\00000310.jpg,Goddess
C:/Users/HP/Desktop/Dataset\Goddess\00000313.jpg,Goddess
C:/Users/HP/Desktop/Dataset\Goddess\00000317.jpg,Goddess
C:/Users/HP/Desktop/Dataset\Goddess\00000320.jpg,Goddess
C:/Users/HP/Desktop/Dataset\Goddess\00000321.jpg,Goddess
C:/Users/HP/Desktop/Dataset\Goddess\00000324.jpg,Goddess
C:/Users/HP/Desktop/Dataset\Goddess\00000325.jpg,Goddess
C:/Users/HP/Desktop/Dataset\Goddess\00000327.jpg,Goddess
C:/Users/HP/Desktop/Dataset\Goddess\00000336.jpg,Goddess
C:/Users/HP/Desktop/Dataset\Goddess\00000337.jpg,Goddess
C:/Users/HP/Desktop/Dataset\Goddess\00000339.jpg,Goddess
C:/Users/HP/Desktop/Dataset\Goddess\00000343.jpg,Goddess
C:/Users/HP/Desktop/Dataset\Goddess\00000346.jpg,Goddess
C:/Users/HP/Desktop/Dataset\Goddess\00000348.jpg,Goddess
C:/Users/HP/Desktop/Dataset\Goddess\00000349.jpg,Goddess
C:/Users/HP/Desktop/Dataset\Goddess\00000355.jpg,Goddess
C:/Users/HP/Desktop/Dataset\Goddess\00000357.jpg,Goddess
C:/Users/HP/Desktop/Dataset\Goddess\00000358.jpg,Goddess
C:/Users/HP/Desktop/Dataset\Goddess\00000360.jpg,Goddess
C:/Users/HP/Desktop/Dataset\Goddess\00000363.jpg,Goddess
C:/Users/HP/Desktop/Dataset\Goddess\00000369.jpg,Goddess
C:/Users/HP/Desktop/Dataset\Goddess\00000370.jpg,Goddess
C:/Users/HP/Desktop/Dataset\Goddess\00000374.jpg,Goddess
C:/Users/HP/Desktop/Dataset\Goddess\00000380.jpg,Goddess
C:/Users/HP/Desktop/Dataset\Goddess\00000381.jpg,Goddess
C:/Users/HP/Desktop/Dataset\Goddess\00000384.jpg,Goddess
C:/Users/HP/Desktop/Dataset\Goddess\00000385.jpg,Goddess
C:/Users/HP/Desktop/Dataset\Goddess\00000389.jpg,Goddess
C:/Users/HP/Desktop/Dataset\Goddess\00000392.jpg,Goddess
C:/Users/HP/Desktop/Dataset\Goddess\00000395.jpg,Goddess
C:/Users/HP/Desktop/Dataset\Goddess\00000397.jpg,Goddess
C:/Users/HP/Desktop/Dataset\Goddess\00000401.jpg,Goddess
C:/Users/HP/Desktop/Dataset\Plank\00000000.jpg,Plank
C:/Users/HP/Desktop/Dataset\Plank\00000001.jpg,Plank
C:/Users/HP/Desktop/Dataset\Plank\00000002.jpg,Plank
C:/Users/HP/Desktop/Dataset\Plank\00000004.jpg,Plank
C:/Users/HP/Desktop/Dataset\Plank\00000005.jpg,Plank
C:/Users/HP/Desktop/Dataset\Plank\00000006.jpg,Plank
C:/Users/HP/Desktop/Dataset\Plank\00000007.jpg,Plank
C:/Users/HP/Desktop/Dataset\Plank\00000008.jpg,Plank
C:/Users/HP/Desktop/Dataset\Plank\00000010.jpg,Plank
C:/Users/HP/Desktop/Dataset\Plank\00000011.jpg,Plank
C:/Users/HP/Desktop/Dataset\Plank\00000012.jpg,Plank
C:/Users/HP/Desktop/Dataset\Plank\00000013.jpg,Plank
C:/Users/HP/Desktop/Dataset\Plank\00000014.jpg,Plank
C:/Users/HP/Desktop/Dataset\Plank\00000016.jpg,Plank
C:/Users/HP/Desktop/Dataset\Plank\00000017.jpg,Plank
C:/Users/HP/Desktop/Dataset\Plank\00000019.jpg,Plank
C:/Users/HP/Desktop/Dataset\Plank\00000021.jpg,Plank
C:/Users/HP/Desktop/Dataset\Plank\00000022.jpg,Plank
C:/Users/HP/Desktop/Dataset\Plank\00000024.jpg,Plank
C:/Users/HP/Desktop/Dataset\Plank\00000025.jpg,Plank
C:/Users/HP/Desktop/Dataset\Plank\00000027.jpg,Plank
C:/Users/HP/Desktop/Dataset\Plank\00000030.jpg,Plank
C:/Users/HP/Desktop/Dataset\Plank\00000032.jpg,Plank
C:/Users/HP/Desktop/Dataset\Plank\00000034.jpg,Plank
C:/Users/HP/Desktop/Dataset\Plank\00000036.jpg,Plank
C:/Users/HP/Desktop/Dataset\Plank\00000039.jpg,Plank
C:/Users/HP/Desktop/Dataset\Plank\00000042.jpg,Plank
C:/Users/HP/Desktop/Dataset\Plank\00000045.jpg,Plank
C:/Users/HP/Desktop/Dataset\Plank\00000047.jpg,Plank
C:/Users/HP/Desktop/Dataset\Plank\00000050.jpg,Plank
C:/Users/HP/Desktop/Dataset\Plank\00000052.jpg,Plank
C:/Users/HP/Desktop/Dataset\Plank\00000053.jpg,Plank
C:/Users/HP/Desktop/Dataset\Plank\00000054.jpg,Plank
C:/Users/HP/Desktop/Dataset\Plank\00000056.jpg,Plank
C:/Users/HP/Desktop/Dataset\Plank\00000058.jpg,Plank
C:/Users/HP/Desktop/Dataset\Plank\00000060.jpg,Plank
C:/Users/HP/Desktop/Dataset\Plank\00000062.jpg,Plank
C:/Users/HP/Desktop/Dataset\Plank\00000063.jpg,Plank
C:/Users/HP/Desktop/Dataset\Plank\00000068.jpg,Plank
C:/Users/HP/Desktop/Dataset\Plank\00000069.jpg,Plank
C:/Users/HP/Desktop/Dataset\Plank\00000071.jpg,Plank
C:/Users/HP/Desktop/Dataset\Plank\00000072.jpg,Plank
C:/Users/HP/Desktop/Dataset\Plank\00000073.jpg,Plank
C:/Users/HP/Desktop/Dataset\Plank\00000074.jpg,Plank
C:/Users/HP/Desktop/Dataset\Plank\00000076.jpg,Plank
C:/Users/HP/Desktop/Dataset\Plank\00000078.jpg,Plank
C:/Users/HP/Desktop/Dataset\Plank\00000082.jpg,Plank
C:/Users/HP/Desktop/Dataset\Plank\00000083.jpg,Plank
C:/Users/HP/Desktop/Dataset\Plank\00000084.jpg,Plank
C:/Users/HP/Desktop/Dataset\Plank\00000085.jpg,Plank
C:/Users/HP/Desktop/Dataset\Plank\00000087.jpg,Plank
C:/Users/HP/Desktop/Dataset\Plank\00000090.jpg,Plank
C:/Users/HP/Desktop/Dataset\Plank\00000091.jpg,Plank
C:/Users/HP/Desktop/Dataset\Plank\00000092.jpg,Plank
C:/Users/HP/Desktop/Dataset\Plank\00000093.jpg,Plank
C:/Users/HP/Desktop/Dataset\Plank\00000094.jpg,Plank
C:/Users/HP/Desktop/Dataset\Plank\00000097.jpg,Plank
C:/Users/HP/Desktop/Dataset\Plank\00000100.jpg,Plank
C:/Users/HP/Desktop/Dataset\Plank\00000101.jpg,Plank
C:/Users/HP/Desktop/Dataset\Plank\00000102.jpg,Plank
C:/Users/HP/Desktop/Dataset\Plank\00000104.jpg,Plank
C:/Users/HP/Desktop/Dataset\Plank\00000107.jpg,Plank
C:/Users/HP/Desktop/Dataset\Plank\00000111.jpg,Plank
C:/Users/HP/Desktop/Dataset\Plank\00000114.jpg,Plank
C:/Users/HP/Desktop/Dataset\Plank\00000116.jpg,Plank
C:/Users/HP/Desktop/Dataset\Plank\00000117.jpg,Plank
C:/Users/HP/Desktop/Dataset\Plank\00000118.jpg,Plank
C:/Users/HP/Desktop/Dataset\Plank\00000126.jpg,Plank
C:/Users/HP/Desktop/Dataset\Plank\00000129.jpg,Plank
C:/Users/HP/Desktop/Dataset\Plank\00000136.jpg,Plank
C:/Users/HP/Desktop/Dataset\Plank\00000137.jpg,Plank
C:/Users/HP/Desktop/Dataset\Plank\00000138.jpg,Plank
C:/Users/HP/Desktop/Dataset\Plank\00000146.jpg,Plank
C:/Users/HP/Desktop/Dataset\Plank\00000149.jpg,Plank
C:/Users/HP/Desktop/Dataset\Plank\00000151.jpg,Plank
C:/Users/HP/Desktop/Dataset\Plank\00000153.jpg,Plank
C:/Users/HP/Desktop/Dataset\Plank\00000156.jpg,Plank
C:/Users/HP/Desktop/Dataset\Plank\00000157.jpg,Plank
C:/Users/HP/Desktop/Dataset\Plank\00000159.jpg,Plank
C:/Users/HP/Desktop/Dataset\Plank\00000160.jpg,Plank
C:/Users/HP/Desktop/Dataset\Plank\00000161.jpg,Plank
C:/Users/HP/Desktop/Dataset\Plank\00000163.jpg,Plank
C:/Users/HP/Desktop/Dataset\Plank\00000169.jpg,Plank
C:/Users/HP/Desktop/Dataset\Plank\00000171.jpg,Plank
C:/Users/HP/Desktop/Dataset\Plank\00000175.jpg,Plank
C:/Users/HP/Desktop/Dataset\Plank\00000176.jpg,Plank
C:/Users/HP/Desktop/Dataset\Plank\00000177.jpg,Plank
C:/Users/HP/Desktop/Dataset\Plank\00000178.jpg,Plank
C:/Users/HP/Desktop/Dataset\Plank\00000179.jpg,Plank
C:/Users/HP/Desktop/Dataset\Plank\00000182.jpg,Plank
C:/Users/HP/Desktop/Dataset\Plank\00000183.jpg,Plank
C:/Users/HP/Desktop/Dataset\Plank\00000184.jpg,Plank
C:/Users/HP/Desktop/Dataset\Plank\00000190.jpg,Plank
C:/Users/HP/Desktop/Dataset\Plank\00000191.jpg,Plank
C:/Users/HP/Desktop/Dataset\Plank\00000192.jpg,Plank
C:/Users/HP/Desktop/Dataset\Plank\00000193.jpg,Plank
C:/Users/HP/Desktop/Dataset\Plank\00000196.jpg,Plank
C:/Users/HP/Desktop/Dataset\Plank\00000200.jpg,Plank
C:/Users/HP/Desktop/Dataset\Plank\00000206.jpg,Plank
C:/Users/HP/Desktop/Dataset\Plank\00000207.jpg,Plank
C:/Users/HP/Desktop/Dataset\Plank\00000209.jpg,Plank
C:/Users/HP/Desktop/Dataset\Plank\00000210.jpg,Plank
C:/Users/HP/Desktop/Dataset\Plank\00000212.jpg,Plank
C:/Users/HP/Desktop/Dataset\Plank\00000213.jpg,Plank
C:/Users/HP/Desktop/Dataset\Plank\00000217.jpg,Plank
C:/Users/HP/Desktop/Dataset\Plank\00000218.jpg,Plank
C:/Users/HP/Desktop/Dataset\Plank\00000220.jpg,Plank
C:/Users/HP/Desktop/Dataset\Plank\00000221.jpg,Plank
C:/Users/HP/Desktop/Dataset\Plank\00000227.jpg,Plank
C:/Users/HP/Desktop/Dataset\Plank\00000229.jpg,Plank
C:/Users/HP/Desktop/Dataset\Plank\00000231.jpg,Plank
C:/Users/HP/Desktop/Dataset\Plank\00000233.jpg,Plank
C:/Users/HP/Desktop/Dataset\Plank\00000235.jpg,Plank
C:/Users/HP/Desktop/Dataset\Plank\00000236.jpg,Plank
C:/Users/HP/Desktop/Dataset\Plank\00000242.jpg,Plank
C:/Users/HP/Desktop/Dataset\Plank\00000246.jpg,Plank
C:/Users/HP/Desktop/Dataset\Plank\00000249.jpg,Plank
C:/Users/HP/Desktop/Dataset\Plank\00000254.jpg,Plank
C:/Users/HP/Desktop/Dataset\Plank\00000255.jpg,Plank
C:/Users/HP/Desktop/Dataset\Plank\00000256.jpg,Plank
C:/Users/HP/Desktop/Dataset\Plank\00000261.jpg,Plank
C:/Users/HP/Desktop/Dataset\Plank\00000262.jpg,Plank
C:/Users/HP/Desktop/Dataset\Plank\00000265.jpg,Plank
C:/Users/HP/Desktop/Dataset\Plank\00000266.jpg,Plank
C:/Users/HP/Desktop/Dataset\Plank\00000268.jpg,Plank
C:/Users/HP/Desktop/Dataset\Plank\00000274.jpg,Plank
C:/Users/HP/Desktop/Dataset\Plank\00000275.jpg,Plank
C:/Users/HP/Desktop/Dataset\Plank\00000276.jpg,Plank
C:/Users/HP/Desktop/Dataset\Plank\00000277.jpg,Plank
C:/Users/HP/Desktop/Dataset\Plank\00000279.jpg,Plank
C:/Users/HP/Desktop/Dataset\Plank\00000282.jpg,Plank
C:/Users/HP/Desktop/Dataset\Plank\00000284.jpg,Plank
C:/Users/HP/Desktop/Dataset\Plank\00000287.jpg,Plank
C:/Users/HP/Desktop/Dataset\Plank\00000288.jpg,Plank
C:/Users/HP/Desktop/Dataset\Plank\00000289.jpg,Plank
C:/Users/HP/Desktop/Dataset\Plank\00000291.jpg,Plank
C:/Users/HP/Desktop/Dataset\Plank\00000292.jpg,Plank
C:/Users/HP/Desktop/Dataset\Plank\00000293.jpg,Plank
C:/Users/HP/Desktop/Dataset\Plank\00000294.jpg,Plank
C:/Users/HP/Desktop/Dataset\Plank\00000295.jpg,Plank
C:/Users/HP/Desktop/Dataset\Plank\00000297.jpg,Plank
C:/Users/HP/Desktop/Dataset\Plank\00000298.jpg,Plank
C:/Users/HP/Desktop/Dataset\Plank\00000300.jpg,Plank
C:/Users/HP/Desktop/Dataset\Plank\00000302.jpg,Plank
C:/Users/HP/Desktop/Dataset\Plank\00000303.jpg,Plank
C:/Users/HP/Desktop/Dataset\Plank\00000304.jpg,Plank
C:/Users/HP/Desktop/Dataset\Plank\00000306.jpg,Plank
C:/Users/HP/Desktop/Dataset\Plank\00000307.jpg,Plank
C:/Users/HP/Desktop/Dataset\Plank\00000312.jpg,Plank
C:/Users/HP/Desktop/Dataset\Plank\00000313.jpg,Plank
C:/Users/HP/Desktop/Dataset\Plank\00000318.jpg,Plank
C:/Users/HP/Desktop/Dataset\Plank\00000320.jpg,Plank
C:/Users/HP/Desktop/Dataset\Plank\00000322.jpg,Plank
C:/Users/HP/Desktop/Dataset\Plank\00000324.jpg,Plank
C:/Users/HP/Desktop/Dataset\Plank\00000328.jpg,Plank
C:/Users/HP/Desktop/Dataset\Plank\00000335.jpg,Plank
C:/Users/HP/Desktop/Dataset\Plank\00000337.jpg,Plank
C:/Users/HP/Desktop/Dataset\Plank\00000338.jpg,Plank
C:/Users/HP/Desktop/Dataset\Plank\00000341.jpg,Plank
C:/Users/HP/Desktop/Dataset\Plank\00000342.jpg,Plank
C:/Users/HP/Desktop/Dataset\Plank\00000345.jpg,Plank
C:/Users/HP/Desktop/Dataset\Plank\00000349.jpg,Plank
C:/Users/HP/Desktop/Dataset\Plank\00000355.jpg,Plank
C:/Users/HP/Desktop/Dataset\Plank\00000357.jpg,Plank
C:/Users/HP/Desktop/Dataset\Plank\00000360.jpg,Plank
C:/Users/HP/Desktop/Dataset\Plank\00000363.jpg,Plank
C:/Users/HP/Desktop/Dataset\Plank\00000366.jpg,Plank
C:/Users/HP/Desktop/Dataset\Plank\00000375.jpg,Plank
C:/Users/HP/Desktop/Dataset\Plank\00000377.jpg,Plank
C:/Users/HP/Desktop/Dataset\Plank\00000380.jpg,Plank
C:/Users/HP/Desktop/Dataset\Plank\00000381.jpg,Plank
C:/Users/HP/Desktop/Dataset\Plank\00000384.jpg,Plank
C:/Users/HP/Desktop/Dataset\Plank\00000387.jpg,Plank
C:/Users/HP/Desktop/Dataset\Plank\00000388.jpg,Plank
C:/Users/HP/Desktop/Dataset\Plank\00000389.jpg,Plank
C:/Users/HP/Desktop/Dataset\Plank\00000390.jpg,Plank
C:/Users/HP/Desktop/Dataset\Plank\00000391.jpg,Plank
C:/Users/HP/Desktop/Dataset\Plank\00000395.jpg,Plank
C:/Users/HP/Desktop/Dataset\Plank\00000399.jpg,Plank
C:/Users/HP/Desktop/Dataset\Plank\00000402.jpg,Plank
C:/Users/HP/Desktop/Dataset\Plank\00000404.jpg,Plank
C:/Users/HP/Desktop/Dataset\Plank\00000406.jpg,Plank
C:/Users/HP/Desktop/Dataset\Plank\00000407.jpg,Plank
C:/Users/HP/Desktop/Dataset\Plank\00000412.jpg,Plank
C:/Users/HP/Desktop/Dataset\Plank\00000413.jpg,Plank
C:/Users/HP/Desktop/Dataset\Plank\00000415.jpg,Plank
C:/Users/HP/Desktop/Dataset\Plank\00000417.jpg,Plank
C:/Users/HP/Desktop/Dataset\Plank\00000418.jpg,Plank
C:/Users/HP/Desktop/Dataset\Plank\00000419.jpg,Plank
C:/Users/HP/Desktop/Dataset\Plank\00000426.jpg,Plank
C:/Users/HP/Desktop/Dataset\Plank\00000428.jpg,Plank
C:/Users/HP/Desktop/Dataset\Plank\00000429.jpg,Plank
C:/Users/HP/Desktop/Dataset\Plank\00000435.jpg,Plank
C:/Users/HP/Desktop/Dataset\Plank\00000437.jpg,Plank
C:/Users/HP/Desktop/Dataset\Plank\00000440.jpg,Plank
C:/Users/HP/Desktop/Dataset\Tree\00000000.jpg,Tree
C:/Users/HP/Desktop/Dataset\Tree\00000001.jpg,Tree
C:/Users/HP/Desktop/Dataset\Tree\00000002.jpg,Tree
C:/Users/HP/Desktop/Dataset\Tree\00000003.jpg,Tree
C:/Users/HP/Desktop/Dataset\Tree\00000004.jpg,Tree
C:/Users/HP/Desktop/Dataset\Tree\00000005.jpg,Tree
C:/Users/HP/Desktop/Dataset\Tree\00000006.jpg,Tree
C:/Users/HP/Desktop/Dataset\Tree\00000007.jpg,Tree
C:/Users/HP/Desktop/Dataset\Tree\00000008.jpg,Tree
C:/Users/HP/Desktop/Dataset\Tree\00000009.jpg,Tree
C:/Users/HP/Desktop/Dataset\Tree\00000010.jpg,Tree
C:/Users/HP/Desktop/Dataset\Tree\00000011.jpg,Tree
C:/Users/HP/Desktop/Dataset\Tree\00000012.jpg,Tree
C:/Users/HP/Desktop/Dataset\Tree\00000014.jpg,Tree
C:/Users/HP/Desktop/Dataset\Tree\00000015.jpg,Tree
C:/Users/HP/Desktop/Dataset\Tree\00000016.jpg,Tree
C:/Users/HP/Desktop/Dataset\Tree\00000017.jpg,Tree
C:/Users/HP/Desktop/Dataset\Tree\00000018.jpg,Tree
C:/Users/HP/Desktop/Dataset\Tree\00000019.jpg,Tree
C:/Users/HP/Desktop/Dataset\Tree\00000020.jpg,Tree
C:/Users/HP/Desktop/Dataset\Tree\00000022.jpg,Tree
C:/Users/HP/Desktop/Dataset\Tree\00000023.jpg,Tree
C:/Users/HP/Desktop/Dataset\Tree\00000024.jpg,Tree
C:/Users/HP/Desktop/Dataset\Tree\00000025.jpg,Tree
C:/Users/HP/Desktop/Dataset\Tree\00000026.jpg,Tree
C:/Users/HP/Desktop/Dataset\Tree\00000027.jpg,Tree
C:/Users/HP/Desktop/Dataset\Tree\00000029.jpg,Tree
C:/Users/HP/Desktop/Dataset\Tree\00000030.jpg,Tree
C:/Users/HP/Desktop/Dataset\Tree\00000031.jpg,Tree
C:/Users/HP/Desktop/Dataset\Tree\00000032.jpg,Tree
C:/Users/HP/Desktop/Dataset\Tree\00000033.jpg,Tree
C:/Users/HP/Desktop/Dataset\Tree\00000034.jpg,Tree
C:/Users/HP/Desktop/Dataset\Tree\00000036.jpg,Tree
C:/Users/HP/Desktop/Dataset\Tree\00000037.jpg,Tree
C:/Users/HP/Desktop/Dataset\Tree\00000038.jpg,Tree
C:/Users/HP/Desktop/Dataset\Tree\00000039.jpg,Tree
C:/Users/HP/Desktop/Dataset\Tree\00000040.jpg,Tree
C:/Users/HP/Desktop/Dataset\Tree\00000041.jpg,Tree
C:/Users/HP/Desktop/Dataset\Tree\00000042.jpg,Tree
C:/Users/HP/Desktop/Dataset\Tree\00000043.jpg,Tree
C:/Users/HP/Desktop/Dataset\Tree\00000044.jpg,Tree
C:/Users/HP/Desktop/Dataset\Tree\00000045.jpg,Tree
C:/Users/HP/Desktop/Dataset\Tree\00000046.jpg,Tree
C:/Users/HP/Desktop/Dataset\Tree\00000047.jpg,Tree
C:/Users/HP/Desktop/Dataset\Tree\00000048.jpg,Tree
C:/Users/HP/Desktop/Dataset\Tree\00000050.jpg,Tree
C:/Users/HP/Desktop/Dataset\Tree\00000051.jpg,Tree
C:/Users/HP/Desktop/Dataset\Tree\00000052.jpg,Tree
C:/Users/HP/Desktop/Dataset\Tree\00000053.jpg,Tree
C:/Users/HP/Desktop/Dataset\Tree\00000054.jpg,Tree
C:/Users/HP/Desktop/Dataset\Tree\00000055.jpg,Tree
C:/Users/HP/Desktop/Dataset\Tree\00000056.jpg,Tree
C:/Users/HP/Desktop/Dataset\Tree\00000057.jpg,Tree
C:/Users/HP/Desktop/Dataset\Tree\00000058.jpg,Tree
C:/Users/HP/Desktop/Dataset\Tree\00000060.jpg,Tree
C:/Users/HP/Desktop/Dataset\Tree\00000061.jpg,Tree
C:/Users/HP/Desktop/Dataset\Tree\00000063.jpg,Tree
C:/Users/HP/Desktop/Dataset\Tree\00000064.jpg,Tree
C:/Users/HP/Desktop/Dataset\Tree\00000065.jpg,Tree
C:/Users/HP/Desktop/Dataset\Tree\00000067.jpg,Tree
C:/Users/HP/Desktop/Dataset\Tree\00000069.jpg,Tree
C:/Users/HP/Desktop/Dataset\Tree\00000070.jpg,Tree
C:/Users/HP/Desktop/Dataset\Tree\00000071.jpg,Tree
C:/Users/HP/Desktop/Dataset\Tree\00000073.jpg,Tree
C:/Users/HP/Desktop/Dataset\Tree\00000074.jpg,Tree
C:/Users/HP/Desktop/Dataset\Tree\00000075.jpg,Tree
C:/Users/HP/Desktop/Dataset\Tree\00000077.jpg,Tree
C:/Users/HP/Desktop/Dataset\Tree\00000078.jpg,Tree
C:/Users/HP/Desktop/Dataset\Tree\00000080.jpg,Tree
C:/Users/HP/Desktop/Dataset\Tree\00000081.jpg,Tree
C:/Users/HP/Desktop/Dataset\Tree\00000082.jpg,Tree
C:/Users/HP/Desktop/Dataset\Tree\00000083.jpg,Tree
C:/Users/HP/Desktop/Dataset\Tree\00000084.jpg,Tree
C:/Users/HP/Desktop/Dataset\Tree\00000085.jpg,Tree
C:/Users/HP/Desktop/Dataset\Tree\00000086.jpg,Tree
C:/Users/HP/Desktop/Dataset\Tree\00000087.jpg,Tree
C:/Users/HP/Desktop/Dataset\Tree\00000088.jpg,Tree
C:/Users/HP/Desktop/Dataset\Tree\00000089.jpg,Tree
C:/Users/HP/Desktop/Dataset\Tree\00000090.jpg,Tree
C:/Users/HP/Desktop/Dataset\Tree\00000091.jpg,Tree
C:/Users/HP/Desktop/Dataset\Tree\00000092.jpg,Tree
C:/Users/HP/Desktop/Dataset\Tree\00000094.jpg,Tree
C:/Users/HP/Desktop/Dataset\Tree\00000095.jpg,Tree
C:/Users/HP/Desktop/Dataset\Tree\00000097.jpg,Tree
C:/Users/HP/Desktop/Dataset\Tree\00000098.jpg,Tree
C:/Users/HP/Desktop/Dataset\Tree\00000099.jpg,Tree
C:/Users/HP/Desktop/Dataset\Tree\00000101.jpg,Tree
C:/Users/HP/Desktop/Dataset\Tree\00000102.jpg,Tree
C:/Users/HP/Desktop/Dataset\Tree\00000103.jpg,Tree
C:/Users/HP/Desktop/Dataset\Tree\00000104.jpg,Tree
C:/Users/HP/Desktop/Dataset\Tree\00000105.jpg,Tree
C:/Users/HP/Desktop/Dataset\Tree\00000107.jpg,Tree
C:/Users/HP/Desktop/Dataset\Tree\00000108.jpg,Tree
C:/Users/HP/Desktop/Dataset\Tree\00000109.jpg,Tree
C:/Users/HP/Desktop/Dataset\Tree\00000110.jpg,Tree
C:/Users/HP/Desktop/Dataset\Tree\00000111.jpg,Tree
C:/Users/HP/Desktop/Dataset\Tree\00000112.jpg,Tree
C:/Users/HP/Desktop/Dataset\Tree\00000113.jpg,Tree
C:/Users/HP/Desktop/Dataset\Tree\00000114.jpg,Tree
C:/Users/HP/Desktop/Dataset\Tree\00000115.jpg,Tree
C:/Users/HP/Desktop/Dataset\Tree\00000116.jpg,Tree
C:/Users/HP/Desktop/Dataset\Tree\00000117.jpg,Tree
C:/Users/HP/Desktop/Dataset\Tree\00000118.jpg,Tree
C:/Users/HP/Desktop/Dataset\Tree\00000119.jpg,Tree
C:/Users/HP/Desktop/Dataset\Tree\00000120.jpg,Tree
C:/Users/HP/Desktop/Dataset\Tree\00000121.jpg,Tree
C:/Users/HP/Desktop/Dataset\Tree\00000123.jpg,Tree
C:/Users/HP/Desktop/Dataset\Tree\00000124.jpg,Tree
C:/Users/HP/Desktop/Dataset\Tree\00000125.jpg,Tree
C:/Users/HP/Desktop/Dataset\Tree\00000127.jpg,Tree
C:/Users/HP/Desktop/Dataset\Tree\00000128.jpg,Tree
C:/Users/HP/Desktop/Dataset\Tree\00000129.jpg,Tree
C:/Users/HP/Desktop/Dataset\Tree\00000130.jpg,Tree
C:/Users/HP/Desktop/Dataset\Tree\00000131.jpg,Tree
C:/Users/HP/Desktop/Dataset\Tree\00000132.jpg,Tree
C:/Users/HP/Desktop/Dataset\Tree\00000133.jpg,Tree
C:/Users/HP/Desktop/Dataset\Tree\00000137.jpg,Tree
C:/Users/HP/Desktop/Dataset\Tree\00000138.jpg,Tree
C:/Users/HP/Desktop/Dataset\Tree\00000139.jpg,Tree
C:/Users/HP/Desktop/Dataset\Tree\00000140.jpg,Tree
C:/Users/HP/Desktop/Dataset\Tree\00000142.jpg,Tree
C:/Users/HP/Desktop/Dataset\Tree\00000143.jpg,Tree
C:/Users/HP/Desktop/Dataset\Tree\00000144.jpg,Tree
C:/Users/HP/Desktop/Dataset\Tree\00000146.jpg,Tree
C:/Users/HP/Desktop/Dataset\Tree\00000147.jpg,Tree
C:/Users/HP/Desktop/Dataset\Tree\00000149.jpg,Tree
C:/Users/HP/Desktop/Dataset\Tree\00000151.jpg,Tree
C:/Users/HP/Desktop/Dataset\Tree\00000152.jpg,Tree
C:/Users/HP/Desktop/Dataset\Tree\00000153.jpg,Tree
C:/Users/HP/Desktop/Dataset\Tree\00000154.jpg,Tree
C:/Users/HP/Desktop/Dataset\Tree\00000155.jpg,Tree
C:/Users/HP/Desktop/Dataset\Tree\00000156.jpg,Tree
C:/Users/HP/Desktop/Dataset\Tree\00000158.jpg,Tree
C:/Users/HP/Desktop/Dataset\Tree\00000159.jpg,Tree
C:/Users/HP/Desktop/Dataset\Tree\00000160.jpg,Tree
C:/Users/HP/Desktop/Dataset\Tree\00000161.jpg,Tree
C:/Users/HP/Desktop/Dataset\Tree\00000162.jpg,Tree
C:/Users/HP/Desktop/Dataset\Tree\00000163.jpg,Tree
C:/Users/HP/Desktop/Dataset\Tree\00000165.jpg,Tree
C:/Users/HP/Desktop/Dataset\Tree\00000167.jpg,Tree
C:/Users/HP/Desktop/Dataset\Tree\00000168.jpg,Tree
C:/Users/HP/Desktop/Dataset\Tree\00000169.jpg,Tree
C:/Users/HP/Desktop/Dataset\Tree\00000170.jpg,Tree
C:/Users/HP/Desktop/Dataset\Tree\00000172.jpg,Tree
C:/Users/HP/Desktop/Dataset\Tree\00000173.jpg,Tree
C:/Users/HP/Desktop/Dataset\Tree\00000175.jpg,Tree
C:/Users/HP/Desktop/Dataset\Tree\00000176.jpg,Tree
C:/Users/HP/Desktop/Dataset\Tree\00000178.jpg,Tree
C:/Users/HP/Desktop/Dataset\Tree\00000179.jpg,Tree
C:/Users/HP/Desktop/Dataset\Tree\00000180.jpg,Tree
C:/Users/HP/Desktop/Dataset\Tree\00000181.jpg,Tree
C:/Users/HP/Desktop/Dataset\Tree\00000182.jpg,Tree
C:/Users/HP/Desktop/Dataset\Tree\00000184.jpg,Tree
C:/Users/HP/Desktop/Dataset\Tree\00000185.jpg,Tree
C:/Users/HP/Desktop/Dataset\Tree\00000187.jpg,Tree
C:/Users/HP/Desktop/Dataset\Tree\00000188.jpg,Tree
C:/Users/HP/Desktop/Dataset\Tree\00000190.jpg,Tree
C:/Users/HP/Desktop/Dataset\Tree\00000191.jpg,Tree
C:/Users/HP/Desktop/Dataset\Tree\00000192.jpg,Tree
C:/Users/HP/Desktop/Dataset\Tree\00000194.jpg,Tree
C:/Users/HP/Desktop/Dataset\Tree\00000195.jpg,Tree
C:/Users/HP/Desktop/Dataset\Tree\00000196.jpg,Tree
C:/Users/HP/Desktop/Dataset\Tree\00000197.jpg,Tree
C:/Users/HP/Desktop/Dataset\Tree\00000198.jpg,Tree
C:/Users/HP/Desktop/Dataset\Tree\00000199.jpg,Tree
C:/Users/HP/Desktop/Dataset\Tree\00000200.jpg,Tree
C:/Users/HP/Desktop/Dataset\Tree\00000201.jpg,Tree
C:/Users/HP/Desktop/Dataset\Tree\00000203.jpg,Tree
C:/Users/HP/Desktop/Dataset\Tree\00000204.jpg,Tree
C:/Users/HP/Desktop/Dataset\Tree\File10.jpg,Tree
C:/Users/HP/Desktop/Dataset\Tree\File11.jpg,Tree
C:/Users/HP/Desktop/Dataset\Tree\File12.jpg,Tree
C:/Users/HP/Desktop/Dataset\Tree\File13.jpg,Tree
C:/Users/HP/Desktop/Dataset\Tree\File14.jpg,Tree
C:/Users/HP/Desktop/Dataset\Tree\File15.jpg,Tree
C:/Users/HP/Desktop/Dataset\Tree\File17.jpg,Tree
C:/Users/HP/Desktop/Dataset\Tree\File18.jpg,Tree
C:/Users/HP/Desktop/Dataset\Tree\File25.jpg,Tree
C:/Users/HP/Desktop/Dataset\Tree\File31.jpg,Tree
C:/Users/HP/Desktop/Dataset\Tree\File36.jpg,Tree
C:/Users/HP/Desktop/Dataset\Tree\File38.jpg,Tree
C:/Users/HP/Desktop/Dataset\Tree\File40.jpg,Tree
C:/Users/HP/Desktop/Dataset\Tree\File41.jpg,Tree
C:/Users/HP/Desktop/Dataset\Tree\File42.jpg,Tree
C:/Users/HP/Desktop/Dataset\Tree\File45.jpg,Tree
C:/Users/HP/Desktop/Dataset\Tree\File47.jpg,Tree
C:/Users/HP/Desktop/Dataset\Tree\File49.jpg,Tree
C:/Users/HP/Desktop/Dataset\Tree\File55.jpg,Tree
C:/Users/HP/Desktop/Dataset\Tree\File64.jpg,Tree
C:/Users/HP/Desktop/Dataset\Tree\File66.jpg,Tree
C:/Users/HP/Desktop/Dataset\Tree\File71.jpg,Tree
C:/Users/HP/Desktop/Dataset\Tree\File72.jpg,Tree
C:/Users/HP/Desktop/Dataset\Tree\File73.jpg,Tree
C:/Users/HP/Desktop/Dataset\Tree\File81.jpg,Tree
C:/Users/HP/Desktop/Dataset\Tree\File83.jpg,Tree
C:/Users/HP/Desktop/Dataset\Tree\File84.jpg,Tree
C:/Users/HP/Desktop/Dataset\warrior2\00000000.jpg,warrior2
C:/Users/HP/Desktop/Dataset\warrior2\00000001.jpg,warrior2
C:/Users/HP/Desktop/Dataset\warrior2\00000002.jpg,warrior2
C:/Users/HP/Desktop/Dataset\warrior2\00000004.jpg,warrior2
C:/Users/HP/Desktop/Dataset\warrior2\00000005.jpg,warrior2
C:/Users/HP/Desktop/Dataset\warrior2\00000007.jpg,warrior2
C:/Users/HP/Desktop/Dataset\warrior2\00000008.jpg,warrior2
C:/Users/HP/Desktop/Dataset\warrior2\00000009.jpg,warrior2
C:/Users/HP/Desktop/Dataset\warrior2\00000010.jpg,warrior2
C:/Users/HP/Desktop/Dataset\warrior2\00000011.jpg,warrior2
C:/Users/HP/Desktop/Dataset\warrior2\00000012.jpg,warrior2
C:/Users/HP/Desktop/Dataset\warrior2\00000014.jpg,warrior2
C:/Users/HP/Desktop/Dataset\warrior2\00000016.jpg,warrior2
C:/Users/HP/Desktop/Dataset\warrior2\00000017.jpg,warrior2
C:/Users/HP/Desktop/Dataset\warrior2\00000018.jpg,warrior2
C:/Users/HP/Desktop/Dataset\warrior2\00000019.jpg,warrior2
C:/Users/HP/Desktop/Dataset\warrior2\00000020.jpg,warrior2
C:/Users/HP/Desktop/Dataset\warrior2\00000021.jpg,warrior2
C:/Users/HP/Desktop/Dataset\warrior2\00000022.jpg,warrior2
C:/Users/HP/Desktop/Dataset\warrior2\00000023.jpg,warrior2
C:/Users/HP/Desktop/Dataset\warrior2\00000026.jpg,warrior2
C:/Users/HP/Desktop/Dataset\warrior2\00000035.jpg,warrior2
C:/Users/HP/Desktop/Dataset\warrior2\00000036.jpg,warrior2
C:/Users/HP/Desktop/Dataset\warrior2\00000039.jpg,warrior2
C:/Users/HP/Desktop/Dataset\warrior2\00000040.jpg,warrior2
C:/Users/HP/Desktop/Dataset\warrior2\00000041.jpg,warrior2
C:/Users/HP/Desktop/Dataset\warrior2\00000042.jpg,warrior2
C:/Users/HP/Desktop/Dataset\warrior2\00000043.jpg,warrior2
C:/Users/HP/Desktop/Dataset\warrior2\00000044.jpg,warrior2
C:/Users/HP/Desktop/Dataset\warrior2\00000045.jpg,warrior2
C:/Users/HP/Desktop/Dataset\warrior2\00000047.jpg,warrior2
C:/Users/HP/Desktop/Dataset\warrior2\00000048.jpg,warrior2
C:/Users/HP/Desktop/Dataset\warrior2\00000049.jpg,warrior2
C:/Users/HP/Desktop/Dataset\warrior2\00000050.jpg,warrior2
C:/Users/HP/Desktop/Dataset\warrior2\00000051.jpg,warrior2
C:/Users/HP/Desktop/Dataset\warrior2\00000054.jpg,warrior2
C:/Users/HP/Desktop/Dataset\warrior2\00000055.jpg,warrior2
C:/Users/HP/Desktop/Dataset\warrior2\00000057.jpg,warrior2
C:/Users/HP/Desktop/Dataset\warrior2\00000058.jpg,warrior2
C:/Users/HP/Desktop/Dataset\warrior2\00000059.jpg,warrior2
C:/Users/HP/Desktop/Dataset\warrior2\00000061.jpg,warrior2
C:/Users/HP/Desktop/Dataset\warrior2\00000062.jpg,warrior2
C:/Users/HP/Desktop/Dataset\warrior2\00000063.jpg,warrior2
C:/Users/HP/Desktop/Dataset\warrior2\00000065.jpg,warrior2
C:/Users/HP/Desktop/Dataset\warrior2\00000074.jpg,warrior2
C:/Users/HP/Desktop/Dataset\warrior2\00000075.jpg,warrior2
C:/Users/HP/Desktop/Dataset\warrior2\00000076.jpg,warrior2
C:/Users/HP/Desktop/Dataset\warrior2\00000077.jpg,warrior2
C:/Users/HP/Desktop/Dataset\warrior2\00000078.jpg,warrior2
C:/Users/HP/Desktop/Dataset\warrior2\00000080.jpg,warrior2
C:/Users/HP/Desktop/Dataset\warrior2\00000082.jpg,warrior2
C:/Users/HP/Desktop/Dataset\warrior2\00000083.jpg,warrior2
C:/Users/HP/Desktop/Dataset\warrior2\00000084.jpg,warrior2
C:/Users/HP/Desktop/Dataset\warrior2\00000085.jpg,warrior2
C:/Users/HP/Desktop/Dataset\warrior2\00000086.jpg,warrior2
C:/Users/HP/Desktop/Dataset\warrior2\00000089.jpg,warrior2
C:/Users/HP/Desktop/Dataset\warrior2\00000090.jpg,warrior2
C:/Users/HP/Desktop/Dataset\warrior2\00000092.jpg,warrior2
C:/Users/HP/Desktop/Dataset\warrior2\00000094.jpg,warrior2
C:/Users/HP/Desktop/Dataset\warrior2\00000096.jpg,warrior2
C:/Users/HP/Desktop/Dataset\warrior2\00000097.jpg,warrior2
C:/Users/HP/Desktop/Dataset\warrior2\00000100.jpg,warrior2
C:/Users/HP/Desktop/Dataset\warrior2\00000102.jpg,warrior2
C:/Users/HP/Desktop/Dataset\warrior2\00000105.jpg,warrior2
C:/Users/HP/Desktop/Dataset\warrior2\00000106.jpg,warrior2
C:/Users/HP/Desktop/Dataset\warrior2\00000107.jpg,warrior2
C:/Users/HP/Desktop/Dataset\warrior2\00000108.jpg,warrior2
C:/Users/HP/Desktop/Dataset\warrior2\00000112.jpg,warrior2
C:/Users/HP/Desktop/Dataset\warrior2\00000114.jpg,warrior2
C:/Users/HP/Desktop/Dataset\warrior2\00000115.jpg,warrior2
C:/Users/HP/Desktop/Dataset\warrior2\00000116.jpg,warrior2
C:/Users/HP/Desktop/Dataset\warrior2\00000117.jpg,warrior2
C:/Users/HP/Desktop/Dataset\warrior2\00000122.jpg,warrior2
C:/Users/HP/Desktop/Dataset\warrior2\00000125.jpg,warrior2
C:/Users/HP/Desktop/Dataset\warrior2\00000126.jpg,warrior2
C:/Users/HP/Desktop/Dataset\warrior2\00000132.jpg,warrior2
C:/Users/HP/Desktop/Dataset\warrior2\00000136.jpg,warrior2
C:/Users/HP/Desktop/Dataset\warrior2\00000139.jpg,warrior2
C:/Users/HP/Desktop/Dataset\warrior2\00000143.jpg,warrior2
C:/Users/HP/Desktop/Dataset\warrior2\00000147.jpg,warrior2
C:/Users/HP/Desktop/Dataset\warrior2\00000148.jpg,warrior2
C:/Users/HP/Desktop/Dataset\warrior2\00000149.jpg,warrior2
C:/Users/HP/Desktop/Dataset\warrior2\00000150.jpg,warrior2
C:/Users/HP/Desktop/Dataset\warrior2\00000153.jpg,warrior2
C:/Users/HP/Desktop/Dataset\warrior2\00000155.jpg,warrior2
C:/Users/HP/Desktop/Dataset\warrior2\00000157.jpg,warrior2
C:/Users/HP/Desktop/Dataset\warrior2\00000158.jpg,warrior2
C:/Users/HP/Desktop/Dataset\warrior2\00000162.jpg,warrior2
C:/Users/HP/Desktop/Dataset\warrior2\00000165.jpg,warrior2
C:/Users/HP/Desktop/Dataset\warrior2\00000166.jpg,warrior2
C:/Users/HP/Desktop/Dataset\warrior2\00000167.jpg,warrior2
C:/Users/HP/Desktop/Dataset\warrior2\00000170.jpg,warrior2
C:/Users/HP/Desktop/Dataset\warrior2\00000171.jpg,warrior2
C:/Users/HP/Desktop/Dataset\warrior2\00000173.jpg,warrior2
C:/Users/HP/Desktop/Dataset\warrior2\00000177.jpg,warrior2
C:/Users/HP/Desktop/Dataset\warrior2\00000178.jpg,warrior2
C:/Users/HP/Desktop/Dataset\warrior2\00000180.jpg,warrior2
C:/Users/HP/Desktop/Dataset\warrior2\00000187.jpg,warrior2
C:/Users/HP/Desktop/Dataset\warrior2\00000188.jpg,warrior2
C:/Users/HP/Desktop/Dataset\warrior2\00000192.jpg,warrior2
C:/Users/HP/Desktop/Dataset\warrior2\00000193.jpg,warrior2
C:/Users/HP/Desktop/Dataset\warrior2\00000194.jpg,warrior2
C:/Users/HP/Desktop/Dataset\warrior2\00000195.jpg,warrior2
C:/Users/HP/Desktop/Dataset\warrior2\00000199.jpg,warrior2
C:/Users/HP/Desktop/Dataset\warrior2\00000200.jpg,warrior2
C:/Users/HP/Desktop/Dataset\warrior2\00000203.jpg,warrior2
C:/Users/HP/Desktop/Dataset\warrior2\00000204.jpg,warrior2
C:/Users/HP/Desktop/Dataset\warrior2\00000205.jpg,warrior2
C:/Users/HP/Desktop/Dataset\warrior2\00000206.jpg,warrior2
C:/Users/HP/Desktop/Dataset\warrior2\00000207.jpg,warrior2
C:/Users/HP/Desktop/Dataset\warrior2\00000209.jpg,warrior2
C:/Users/HP/Desktop/Dataset\warrior2\00000212.jpg,warrior2
C:/Users/HP/Desktop/Dataset\warrior2\00000215.jpg,warrior2
C:/Users/HP/Desktop/Dataset\warrior2\00000216.jpg,warrior2
C:/Users/HP/Desktop/Dataset\warrior2\00000217.jpg,warrior2
C:/Users/HP/Desktop/Dataset\warrior2\00000219.jpg,warrior2
C:/Users/HP/Desktop/Dataset\warrior2\00000220.jpg,warrior2
C:/Users/HP/Desktop/Dataset\warrior2\00000221.jpg,warrior2
C:/Users/HP/Desktop/Dataset\warrior2\00000227.jpg,warrior2
C:/Users/HP/Desktop/Dataset\warrior2\00000228.jpg,warrior2
C:/Users/HP/Desktop/Dataset\warrior2\00000233.jpg,warrior2
C:/Users/HP/Desktop/Dataset\warrior2\00000234.jpg,warrior2
C:/Users/HP/Desktop/Dataset\warrior2\00000235.jpg,warrior2
C:/Users/HP/Desktop/Dataset\warrior2\00000236.jpg,warrior2
C:/Users/HP/Desktop/Dataset\warrior2\00000238.jpg,warrior2
C:/Users/HP/Desktop/Dataset\warrior2\00000243.jpg,warrior2
C:/Users/HP/Desktop/Dataset\warrior2\00000244.jpg,warrior2
C:/Users/HP/Desktop/Dataset\warrior2\00000247.jpg,warrior2
C:/Users/HP/Desktop/Dataset\warrior2\00000249.jpg,warrior2
C:/Users/HP/Desktop/Dataset\warrior2\00000250.jpg,warrior2
C:/Users/HP/Desktop/Dataset\warrior2\00000257.jpg,warrior2
C:/Users/HP/Desktop/Dataset\warrior2\00000259.jpg,warrior2
C:/Users/HP/Desktop/Dataset\warrior2\00000267.jpg,warrior2
C:/Users/HP/Desktop/Dataset\warrior2\00000268.jpg,warrior2
C:/Users/HP/Desktop/Dataset\warrior2\00000269.jpg,warrior2
C:/Users/HP/Desktop/Dataset\warrior2\00000270.jpg,warrior2
C:/Users/HP/Desktop/Dataset\warrior2\00000274.jpg,warrior2
C:/Users/HP/Desktop/Dataset\warrior2\00000285.jpg,warrior2
C:/Users/HP/Desktop/Dataset\warrior2\00000286.jpg,warrior2
C:/Users/HP/Desktop/Dataset\warrior2\00000287.jpg,warrior2
C:/Users/HP/Desktop/Dataset\warrior2\00000291.jpg,warrior2
C:/Users/HP/Desktop/Dataset\warrior2\00000295.jpg,warrior2
C:/Users/HP/Desktop/Dataset\warrior2\00000297.jpg,warrior2
C:/Users/HP/Desktop/Dataset\warrior2\00000299.jpg,warrior2
C:/Users/HP/Desktop/Dataset\warrior2\00000300.jpg,warrior2
C:/Users/HP/Desktop/Dataset\warrior2\00000302.jpg,warrior2
C:/Users/HP/Desktop/Dataset\warrior2\00000303.jpg,warrior2
C:/Users/HP/Desktop/Dataset\warrior2\00000307.jpg,warrior2
C:/Users/HP/Desktop/Dataset\warrior2\00000312.jpg,warrior2
C:/Users/HP/Desktop/Dataset\warrior2\00000315.jpg,warrior2
C:/Users/HP/Desktop/Dataset\warrior2\00000317.jpg,warrior2
C:/Users/HP/Desktop/Dataset\warrior2\00000318.jpg,warrior2
C:/Users/HP/Desktop/Dataset\warrior2\00000320.jpg,warrior2
C:/Users/HP/Desktop/Dataset\warrior2\00000325.jpg,warrior2
C:/Users/HP/Desktop/Dataset\warrior2\00000328.jpg,warrior2
C:/Users/HP/Desktop/Dataset\warrior2\00000329.jpg,warrior2
C:/Users/HP/Desktop/Dataset\warrior2\00000331.jpg,warrior2
C:/Users/HP/Desktop/Dataset\warrior2\00000334.jpg,warrior2
C:/Users/HP/Desktop/Dataset\warrior2\00000335.jpg,warrior2
C:/Users/HP/Desktop/Dataset\warrior2\00000336.jpg,warrior2
C:/Users/HP/Desktop/Dataset\warrior2\00000339.jpg,warrior2
C:/Users/HP/Desktop/Dataset\warrior2\00000347.jpg,warrior2
C:/Users/HP/Desktop/Dataset\warrior2\00000355.jpg,warrior2
C:/Users/HP/Desktop/Dataset\warrior2\00000358.jpg,warrior2
C:/Users/HP/Desktop/Dataset\warrior2\00000359.jpg,warrior2
C:/Users/HP/Desktop/Dataset\warrior2\00000360.jpg,warrior2
C:/Users/HP/Desktop/Dataset\warrior2\00000366.jpg,warrior2
C:/Users/HP/Desktop/Dataset\warrior2\00000372.jpg,warrior2
C:/Users/HP/Desktop/Dataset\warrior2\00000375.jpg,warrior2
C:/Users/HP/Desktop/Dataset\warrior2\00000376.jpg,warrior2
C:/Users/HP/Desktop/Dataset\warrior2\00000381.jpg,warrior2
C:/Users/HP/Desktop/Dataset\warrior2\00000384.jpg,warrior2
C:/Users/HP/Desktop/Dataset\warrior2\00000385.jpg,warrior2
C:/Users/HP/Desktop/Dataset\warrior2\00000387.jpg,warrior2
C:/Users/HP/Desktop/Dataset\warrior2\00000389.jpg,warrior2
C:/Users/HP/Desktop/Dataset\warrior2\00000393.jpg,warrior2
C:/Users/HP/Desktop/Dataset\warrior2\00000394.jpg,warrior2
C:/Users/HP/Desktop/Dataset\warrior2\00000395.jpg,warrior2
C:/Users/HP/Desktop/Dataset\warrior2\00000396.jpg,warrior2
C:/Users/HP/Desktop/Dataset\warrior2\00000402.jpg,warrior2
C:/Users/HP/Desktop/Dataset\warrior2\00000406.jpg,warrior2
C:/Users/HP/Desktop/Dataset\warrior2\00000408.jpg,warrior2
C:/Users/HP/Desktop/Dataset\warrior2\00000412.jpg,warrior2
C:/Users/HP/Desktop/Dataset\warrior2\00000414.jpg,warrior2
C:/Users/HP/Desktop/Dataset\warrior2\00000416.jpg,warrior2
C:/Users/HP/Desktop/Dataset\warrior2\00000418.jpg,warrior2
C:/Users/HP/Desktop/Dataset\warrior2\00000419.jpg,warrior2
C:/Users/HP/Desktop/Dataset\warrior2\00000420.jpg,warrior2
C:/Users/HP/Desktop/Dataset\warrior2\00000425.jpg,warrior2
C:/Users/HP/Desktop/Dataset\warrior2\00000426.jpg,warrior2
C:/Users/HP/Desktop/Dataset\warrior2\00000428.jpg,warrior2
C:/Users/HP/Desktop/Dataset\warrior2\00000431.jpg,warrior2
C:/Users/HP/Desktop/Dataset\warrior2\00000433.jpg,warrior2
C:/Users/HP/Desktop/Dataset\warrior2\00000434.jpg,warrior2
C:/Users/HP/Desktop/Dataset\warrior2\00000436.jpg,warrior2
C:/Users/HP/Desktop/Dataset\warrior2\00000437.jpg,warrior2
C:/Users/HP/Desktop/Dataset\warrior2\00000438.jpg,warrior2
